
{
  "courses": [
    {
      "id": 1001,
      "course": "CSE",
      "fee": 30000
    },
    {
      "id": 1002,
      "course": "IT",
      "fee": 32000
    },
    {
      "id": 1003,
      "course": "ECE",
      "fee": 33000
    },
    {
      "id": 1004,
      "course": "EEE",
      "fee": 31500
    }
  ],
  "students": [
    {
      "id": 5001,
      "sname": "Kiran",
      "course": "CSE"
    },
    {
      "id": 5002,
      "sname": "Kishore",
      "course": "EEE"
    },
    {
      "id": 5004,
      "sname": "Ganesh",
      "course": "CSE"
    },
    {
      "id": 5005,
      "sname": "Rani",
      "course": "IT"
    }
  ]
}
